{ "geometricError":1000.00,"boundingVolume":{"box":[-298.792374,-502.771133,74.689526,30.355698,0.000000,0.000000,0.000000,47.334457,0.000000,0.000000,0.000000,8.492863]},"content":{ "uri":"./Tile_+000_+000.b3dm","boundingVolume":{"box":[-298.792374,-502.771133,74.689526,30.355698,0.000000,0.000000,0.000000,47.334457,0.000000,0.000000,0.000000,8.492863]}},"children":[{ "geometricError":48.57,"boundingVolume":{"box":[-298.792374,-502.771133,74.689526,30.355698,0.000000,0.000000,0.000000,47.334457,0.000000,0.000000,0.000000,8.492863]},"content":{ "uri":"./Tile_+000_+000_L15_0.b3dm","boundingVolume":{"box":[-298.792374,-502.771133,74.689526,30.355698,0.000000,0.000000,0.000000,47.334457,0.000000,0.000000,0.000000,8.492863]}},"children":[{ "geometricError":24.28,"boundingVolume":{"box":[-298.792374,-502.771133,74.689526,30.355698,0.000000,0.000000,0.000000,47.334457,0.000000,0.000000,0.000000,8.492863]},"content":{ "uri":"./Tile_+000_+000_L16_00.b3dm","boundingVolume":{"box":[-298.792374,-502.771133,74.689526,30.355698,0.000000,0.000000,0.000000,47.334457,0.000000,0.000000,0.000000,8.492863]}},"children":[{ "geometricError":12.14,"boundingVolume":{"box":[-298.792374,-502.771133,74.689526,30.355698,0.000000,0.000000,0.000000,47.334457,0.000000,0.000000,0.000000,8.492863]},"content":{ "uri":"./Tile_+000_+000_L17_000.b3dm","boundingVolume":{"box":[-298.792374,-502.771133,74.689526,30.355698,0.000000,0.000000,0.000000,47.334457,0.000000,0.000000,0.000000,8.492863]}},"children":[{ "geometricError":6.07,"boundingVolume":{"box":[-298.792374,-502.771133,74.689526,30.355698,0.000000,0.000000,0.000000,47.334457,0.000000,0.000000,0.000000,8.492863]},"content":{ "uri":"./Tile_+000_+000_L18_0000t1.b3dm","boundingVolume":{"box":[-298.792374,-502.771133,74.689526,30.355698,0.000000,0.000000,0.000000,47.334457,0.000000,0.000000,0.000000,8.492863]}},"children":[{ "geometricError":3.04,"boundingVolume":{"box":[-298.792374,-526.313354,71.410099,30.355698,0.000000,0.000000,0.000000,23.792236,0.000000,0.000000,0.000000,5.213436]},"content":{ "uri":"./Tile_+000_+000_L19_00000t3.b3dm","boundingVolume":{"box":[-298.792374,-526.313354,71.410099,30.355698,0.000000,0.000000,0.000000,23.792236,0.000000,0.000000,0.000000,5.213436]}},"children":[{ "geometricError":0.00,"boundingVolume":{"box":[-313.907715,-538.068634,71.106682,15.240356,0.000000,0.000000,0.000000,12.036957,0.000000,0.000000,0.000000,4.328018]},"content":{ "uri":"./Tile_+000_+000_L20_000000.b3dm","boundingVolume":{"box":[-313.907715,-538.068634,71.106682,15.240356,0.000000,0.000000,0.000000,12.036957,0.000000,0.000000,0.000000,4.328018]}},"children":[]},{ "geometricError":0.00,"boundingVolume":{"box":[-313.907715,-514.463898,71.217808,15.240356,0.000000,0.000000,0.000000,11.817780,0.000000,0.000000,0.000000,4.420986]},"content":{ "uri":"./Tile_+000_+000_L20_000010.b3dm","boundingVolume":{"box":[-313.907715,-514.463898,71.217808,15.240356,0.000000,0.000000,0.000000,11.817780,0.000000,0.000000,0.000000,4.420986]}},"children":[]},{ "geometricError":0.00,"boundingVolume":{"box":[-283.677032,-538.068634,70.136982,15.240356,0.000000,0.000000,0.000000,12.036957,0.000000,0.000000,0.000000,3.707874]},"content":{ "uri":"./Tile_+000_+000_L20_000020.b3dm","boundingVolume":{"box":[-283.677032,-538.068634,70.136982,15.240356,0.000000,0.000000,0.000000,12.036957,0.000000,0.000000,0.000000,3.707874]}},"children":[]},{ "geometricError":0.00,"boundingVolume":{"box":[-283.677032,-514.463898,71.400593,15.240356,0.000000,0.000000,0.000000,11.817780,0.000000,0.000000,0.000000,5.172626]},"content":{ "uri":"./Tile_+000_+000_L20_000030t1.b3dm","boundingVolume":{"box":[-283.677032,-514.463898,71.400593,15.240356,0.000000,0.000000,0.000000,11.817780,0.000000,0.000000,0.000000,5.172626]}},"children":[]}]},{ "geometricError":3.04,"boundingVolume":{"box":[-298.792374,-479.228897,75.655678,30.355698,0.000000,0.000000,0.000000,23.792221,0.000000,0.000000,0.000000,7.526711]},"content":{ "uri":"./Tile_+000_+000_L19_00010t3.b3dm","boundingVolume":{"box":[-298.792374,-479.228897,75.655678,30.355698,0.000000,0.000000,0.000000,23.792221,0.000000,0.000000,0.000000,7.526711]}},"children":[{ "geometricError":0.00,"boundingVolume":{"box":[-313.907715,-491.078339,76.545826,15.240356,0.000000,0.000000,0.000000,11.817780,0.000000,0.000000,0.000000,6.636562]},"content":{ "uri":"./Tile_+000_+000_L20_000100t1.b3dm","boundingVolume":{"box":[-313.907715,-491.078339,76.545826,15.240356,0.000000,0.000000,0.000000,11.817780,0.000000,0.000000,0.000000,6.636562]}},"children":[]},{ "geometricError":0.00,"boundingVolume":{"box":[-313.907715,-467.473618,73.909859,15.240356,0.000000,0.000000,0.000000,12.036942,0.000000,0.000000,0.000000,3.792679]},"content":{ "uri":"./Tile_+000_+000_L20_000110t1.b3dm","boundingVolume":{"box":[-313.907715,-467.473618,73.909859,15.240356,0.000000,0.000000,0.000000,12.036942,0.000000,0.000000,0.000000,3.792679]}},"children":[]},{ "geometricError":0.00,"boundingVolume":{"box":[-283.677032,-491.078339,74.845596,15.240356,0.000000,0.000000,0.000000,11.817780,0.000000,0.000000,0.000000,4.240471]},"content":{ "uri":"./Tile_+000_+000_L20_000120t1.b3dm","boundingVolume":{"box":[-283.677032,-491.078339,74.845596,15.240356,0.000000,0.000000,0.000000,11.817780,0.000000,0.000000,0.000000,4.240471]}},"children":[]},{ "geometricError":0.00,"boundingVolume":{"box":[-283.677032,-467.473618,71.113602,15.240356,0.000000,0.000000,0.000000,12.036942,0.000000,0.000000,0.000000,2.977074]},"content":{ "uri":"./Tile_+000_+000_L20_000130t1.b3dm","boundingVolume":{"box":[-283.677032,-467.473618,71.113602,15.240356,0.000000,0.000000,0.000000,12.036942,0.000000,0.000000,0.000000,2.977074]}},"children":[]}]}]}]}]}]}]},0Ï˜t‡‹e
