{ "geometricError":1000.00,"boundingVolume":{"box":[261.758492,290.873756,80.189316,31.321831,0.000000,0.000000,0.000000,47.437096,0.000000,0.000000,0.000000,9.876877]},"content":{ "uri":"./Tile_+006_+008.b3dm","boundingVolume":{"box":[261.758492,290.873756,80.189316,31.321831,0.000000,0.000000,0.000000,47.437096,0.000000,0.000000,0.000000,9.876877]}},"children":[{ "geometricError":77.00,"boundingVolume":{"box":[261.758492,290.873756,80.189316,31.321831,0.000000,0.000000,0.000000,47.437096,0.000000,0.000000,0.000000,9.876877]},"content":{ "uri":"./Tile_+006_+008_L15_0.b3dm","boundingVolume":{"box":[261.758492,290.873756,80.189316,31.321831,0.000000,0.000000,0.000000,47.437096,0.000000,0.000000,0.000000,9.876877]}},"children":[{ "geometricError":38.50,"boundingVolume":{"box":[261.758492,290.873756,80.189316,31.321831,0.000000,0.000000,0.000000,47.437096,0.000000,0.000000,0.000000,9.876877]},"content":{ "uri":"./Tile_+006_+008_L16_00.b3dm","boundingVolume":{"box":[261.758492,290.873756,80.189316,31.321831,0.000000,0.000000,0.000000,47.437096,0.000000,0.000000,0.000000,9.876877]}},"children":[{ "geometricError":19.25,"boundingVolume":{"box":[261.758492,290.873756,80.189316,31.321831,0.000000,0.000000,0.000000,47.437096,0.000000,0.000000,0.000000,9.876877]},"content":{ "uri":"./Tile_+006_+008_L17_000.b3dm","boundingVolume":{"box":[261.758492,290.873756,80.189316,31.321831,0.000000,0.000000,0.000000,47.437096,0.000000,0.000000,0.000000,9.876877]}},"children":[{ "geometricError":9.63,"boundingVolume":{"box":[261.758492,290.873756,80.189316,31.321831,0.000000,0.000000,0.000000,47.437096,0.000000,0.000000,0.000000,9.876877]},"content":{ "uri":"./Tile_+006_+008_L18_0000t1.b3dm","boundingVolume":{"box":[261.758492,290.873756,80.189316,31.321831,0.000000,0.000000,0.000000,47.437096,0.000000,0.000000,0.000000,9.876877]}},"children":[{ "geometricError":4.71,"boundingVolume":{"box":[261.758492,267.280220,82.011589,31.321831,0.000000,0.000000,0.000000,23.843559,0.000000,0.000000,0.000000,8.054604]},"content":{ "uri":"./Tile_+006_+008_L19_00000t3.b3dm","boundingVolume":{"box":[261.758492,267.280220,82.011589,31.321831,0.000000,0.000000,0.000000,23.843559,0.000000,0.000000,0.000000,8.054604]}},"children":[{ "geometricError":2.41,"boundingVolume":{"box":[246.160088,255.499275,78.912857,15.723427,0.000000,0.000000,0.000000,12.062614,0.000000,0.000000,0.000000,1.580231]},"content":{ "uri":"./Tile_+006_+008_L20_000000t1.b3dm","boundingVolume":{"box":[246.160088,255.499275,78.912857,15.723427,0.000000,0.000000,0.000000,12.062614,0.000000,0.000000,0.000000,1.580231]}},"children":[{ "geometricError":1.20,"boundingVolume":{"box":[238.439209,255.468025,78.633739,8.002548,0.000000,0.000000,0.000000,12.031364,0.000000,0.000000,0.000000,1.301113]},"content":{ "uri":"./Tile_+006_+008_L21_0000000.b3dm","boundingVolume":{"box":[238.439209,255.468025,78.633739,8.002548,0.000000,0.000000,0.000000,12.031364,0.000000,0.000000,0.000000,1.301113]}},"children":[{ "geometricError":0.00,"boundingVolume":{"box":[238.423584,255.452400,78.622967,7.986923,0.000000,0.000000,0.000000,12.015739,0.000000,0.000000,0.000000,1.290340]},"content":{ "uri":"./Tile_+006_+008_L22_00000000.b3dm","boundingVolume":{"box":[238.423584,255.452400,78.622967,7.986923,0.000000,0.000000,0.000000,12.015739,0.000000,0.000000,0.000000,1.290340]}},"children":[]}]},{ "geometricError":1.20,"boundingVolume":{"box":[254.068878,255.468025,79.109779,7.752136,0.000000,0.000000,0.000000,12.031364,0.000000,0.000000,0.000000,1.383308]},"content":{ "uri":"./Tile_+006_+008_L21_0000010.b3dm","boundingVolume":{"box":[254.068878,255.468025,79.109779,7.752136,0.000000,0.000000,0.000000,12.031364,0.000000,0.000000,0.000000,1.383308]}},"children":[{ "geometricError":0.00,"boundingVolume":{"box":[254.068878,255.452400,79.110767,7.720886,0.000000,0.000000,0.000000,12.015739,0.000000,0.000000,0.000000,1.381824]},"content":{ "uri":"./Tile_+006_+008_L22_00000100.b3dm","boundingVolume":{"box":[254.068878,255.452400,79.110767,7.720886,0.000000,0.000000,0.000000,12.015739,0.000000,0.000000,0.000000,1.381824]}},"children":[]}]}]},{ "geometricError":2.36,"boundingVolume":{"box":[246.160088,279.155334,77.263611,15.723427,0.000000,0.000000,0.000000,11.843445,0.000000,0.000000,0.000000,3.249741]},"content":{ "uri":"./Tile_+006_+008_L20_000010t1.b3dm","boundingVolume":{"box":[246.160088,279.155334,77.263611,15.723427,0.000000,0.000000,0.000000,11.843445,0.000000,0.000000,0.000000,3.249741]}},"children":[{ "geometricError":1.18,"boundingVolume":{"box":[238.439209,279.155334,76.661831,8.002548,0.000000,0.000000,0.000000,11.780945,0.000000,0.000000,0.000000,2.615528]},"content":{ "uri":"./Tile_+006_+008_L21_0000100.b3dm","boundingVolume":{"box":[238.439209,279.155334,76.661831,8.002548,0.000000,0.000000,0.000000,11.780945,0.000000,0.000000,0.000000,2.615528]}},"children":[{ "geometricError":0.00,"boundingVolume":{"box":[238.423584,279.155334,76.671791,7.986923,0.000000,0.000000,0.000000,11.749695,0.000000,0.000000,0.000000,2.602379]},"content":{ "uri":"./Tile_+006_+008_L22_00001000.b3dm","boundingVolume":{"box":[238.423584,279.155334,76.671791,7.986923,0.000000,0.000000,0.000000,11.749695,0.000000,0.000000,0.000000,2.602379]}},"children":[]}]},{ "geometricError":1.18,"boundingVolume":{"box":[254.068878,279.155334,78.581448,7.752136,0.000000,0.000000,0.000000,11.780945,0.000000,0.000000,0.000000,1.885464]},"content":{ "uri":"./Tile_+006_+008_L21_0000110.b3dm","boundingVolume":{"box":[254.068878,279.155334,78.581448,7.752136,0.000000,0.000000,0.000000,11.780945,0.000000,0.000000,0.000000,1.885464]}},"children":[{ "geometricError":0.00,"boundingVolume":{"box":[254.068878,279.155334,78.579731,7.720886,0.000000,0.000000,0.000000,11.749695,0.000000,0.000000,0.000000,1.883747]},"content":{ "uri":"./Tile_+006_+008_L22_00001100.b3dm","boundingVolume":{"box":[254.068878,279.155334,78.579731,7.720886,0.000000,0.000000,0.000000,11.749695,0.000000,0.000000,0.000000,1.883747]}},"children":[]}]}]},{ "geometricError":2.41,"boundingVolume":{"box":[277.356903,255.499275,83.483410,15.723419,0.000000,0.000000,0.000000,12.062614,0.000000,0.000000,0.000000,6.582783]},"content":{ "uri":"./Tile_+006_+008_L20_000020t1.b3dm","boundingVolume":{"box":[277.356903,255.499275,83.483410,15.723419,0.000000,0.000000,0.000000,12.062614,0.000000,0.000000,0.000000,6.582783]}},"children":[{ "geometricError":1.20,"boundingVolume":{"box":[269.448120,255.468025,78.889271,7.752136,0.000000,0.000000,0.000000,12.031364,0.000000,0.000000,0.000000,1.988644]},"content":{ "uri":"./Tile_+006_+008_L21_0000200.b3dm","boundingVolume":{"box":[269.448120,255.468025,78.889271,7.752136,0.000000,0.000000,0.000000,12.031364,0.000000,0.000000,0.000000,1.988644]}},"children":[{ "geometricError":0.00,"boundingVolume":{"box":[269.448120,255.452400,78.885170,7.720886,0.000000,0.000000,0.000000,12.015739,0.000000,0.000000,0.000000,1.983772]},"content":{ "uri":"./Tile_+006_+008_L22_00002000.b3dm","boundingVolume":{"box":[269.448120,255.452400,78.885170,7.720886,0.000000,0.000000,0.000000,12.015739,0.000000,0.000000,0.000000,1.983772]}},"children":[]}]},{ "geometricError":1.20,"boundingVolume":{"box":[285.077789,255.468025,83.523712,8.002533,0.000000,0.000000,0.000000,12.031364,0.000000,0.000000,0.000000,6.480988]},"content":{ "uri":"./Tile_+006_+008_L21_0000210.b3dm","boundingVolume":{"box":[285.077789,255.468025,83.523712,8.002533,0.000000,0.000000,0.000000,12.031364,0.000000,0.000000,0.000000,6.480988]}},"children":[{ "geometricError":0.00,"boundingVolume":{"box":[285.093414,255.452400,83.525631,7.986908,0.000000,0.000000,0.000000,12.015739,0.000000,0.000000,0.000000,6.479069]},"content":{ "uri":"./Tile_+006_+008_L22_00002100.b3dm","boundingVolume":{"box":[285.093414,255.452400,83.525631,7.986908,0.000000,0.000000,0.000000,12.015739,0.000000,0.000000,0.000000,6.479069]}},"children":[]}]}]},{ "geometricError":2.36,