{ "geometricError":1000.00,"boundingVolume":{"box":[-298.792374,-502.771133,71.583286,30.355698,0.000000,0.000000,0.000000,47.334457,0.000000,0.000000,0.000000,3.919483]},"content":{ "uri":"./Tile_+000_+000.b3dm","boundingVolume":{"box":[-298.792374,-502.771133,71.583286,30.355698,0.000000,0.000000,0.000000,47.334457,0.000000,0.000000,0.000000,3.919483]}},"children":[]}    í—‹ Ä
